{"uid":"4b4757e66a1912dae1a509f688f20b0f","name":"categories","children":[{"name":"Product defects","children":[{"name":"AssertionError","children":[{"name":"test_01单点定位精度","uid":"16f206ede615c41","parentUid":"a0017ad855102fea08b8682d27fec4ca","status":"failed","time":{"start":1711009238795,"stop":1711009241386,"duration":2591},"flaky":false,"newFailed":false,"newPassed":false,"newBroken":false,"retriesCount":0,"retriesStatusChange":false,"parameters":[],"tags":[]}],"uid":"a0017ad855102fea08b8682d27fec4ca"}],"uid":"8fb3a91ba5aaf9de24cc8a92edc82b5d"}]}