{"uid":"83edc06c07f9ae9e47eb6dd1b683e4e2","name":"packages","children":[{"name":"testsuits.BD420023.testcase.03测量精度.01单点定位精度","children":[{"name":"test_01单点定位精度","uid":"16f206ede615c41","parentUid":"c83b826d962ccdfbde0cc1f304540c07","status":"failed","time":{"start":1711009238795,"stop":1711009241386,"duration":2591},"flaky":false,"newFailed":false,"newPassed":false,"newBroken":false,"retriesCount":0,"retriesStatusChange":false,"parameters":[],"tags":[]}],"uid":"testsuits.BD420023.testcase.03测量精度.01单点定位精度"}]}