{"uid":"98d3104e051c652961429bf95fa0b5d6","name":"suites","children":[{"name":"testsuits.BD420023.testcase.03测量精度","children":[{"name":"01单点定位精度","children":[{"name":"test_01单点定位精度","uid":"16f206ede615c41","parentUid":"fbe6d9ca04b9bc54e274db1a19189d43","status":"failed","time":{"start":1711009238795,"stop":1711009241386,"duration":2591},"flaky":false,"newFailed":false,"newPassed":false,"newBroken":false,"retriesCount":0,"retriesStatusChange":false,"parameters":[],"tags":[]}],"uid":"fbe6d9ca04b9bc54e274db1a19189d43"}],"uid":"2ed4b99b16157c5637f5640f15902dc3"}]}