{"uid":"ab17fc5a4eb3bca4b216b548c7f9fcbc","name":"timeline","children":[{"name":"DESKTOP-L0P159C","children":[{"name":"23988-Dummy-3","children":[{"name":"test_01单点定位精度","uid":"16f206ede615c41","parentUid":"ac65693ea0a29f8ec637658d7dbdc4f4","status":"failed","time":{"start":1711009238795,"stop":1711009241386,"duration":2591},"flaky":false,"newFailed":false,"newPassed":false,"newBroken":false,"retriesCount":0,"retriesStatusChange":false,"parameters":[],"tags":[]}],"uid":"ac65693ea0a29f8ec637658d7dbdc4f4"}],"uid":"d8d6050ecaec94f88325ebd6f55251e8"}]}